"e","e"
"e100","e100"
"100","100"
"curcumin","curcumin"
"from","from"
"turmeric","turmeric"
"color","color"
"yellow","yellow"
"orange","orange"
"u","u"
"e101","e101"
"101","101"
"riboflavin","riboflavin"
"vitamin","vitamin"
"b2","b2"
"formerly","formerly"
"called","called"
"lactoflavin","lactoflavin"
"e101a","e101a"
"101a","101a"
"a","a"
"5","5"
"phosphate","phosphate"
"e102","e102"
"102","102"
"tartrazine","tartrazine"
"fd&c","fd&c"
"lemon","lemon"
"e103","e103"
"103","103"
"alkannin","alkannin"
"11","11"
"red","red"
"brown","brown"
"e104","e104"
"104","104"
"quinoline","quinoline"
"ws","ws"
"dull","dull"
"or","or"
"greenish","greenish"
"e105","e105"
"105","105"
"fast","fast"
"ab","ab"
"e106","e106"
"106","106"
"sodium","sodium"
"e107","e107"
"107","107"
"2g","2g"
"e110","e110"
"110","110"
"sunset","sunset"
"fcf","fcf"
"s","s"
"6","6"
"e111","e111"
"111","111"
"ggn","ggn"
"e120","e120"
"120","120"
"cochineal","cochineal"
"carminic","carminic"
"acid","acid"
"carmine","carmine"
"natural","natural"
"4","4"
"crimson","crimson"
"e121","e121"
"121","121"
"citrus","citrus"
"2","2"
"dark","dark"
"e122","e122"
"122","122"
"carmoisine","carmoisine"
"azorubine","azorubine"
"to","to"
"maroon","maroon"
"e123","e123"
"123","123"
"amaranth","amaranth"
"e124","e124"
"124","124"
"ponceau","ponceau"
"4r","4r"
"brilliant","brilliant"
"scarlet","scarlet"
"e125","e125"
"125","125"
"sx","sx"
"gn","gn"
"e126","e126"
"126","126"
"6r","6r"
"e127","e127"
"127","127"
"erythrosine","erythrosine"
"3","3"
"e128","e128"
"128","128"
"e129","e129"
"129","129"
"allura","allura"
"ac","ac"
"40","40"
"e130","e130"
"130","130"
"indanthrene","indanthrene"
"blue","blue"
"rs","rs"
"e131","e131"
"131","131"
"patent","patent"
"v","v"
"e132","e132"
"132","132"
"indigo","indigo"
"indigotine","indigotine"
"e133","e133"
"133","133"
"1","1"
"reddish","reddish"
"e140","e140"
"140","140"
"chlorophylls","chlorophylls"
"and","and"
"chlorophyllins","chlorophyllins"
"i","i"
"ii","ii"
"green","green"
"e141","e141"
"141","141"
"copper","copper"
"complexes","complexes"
"of","of"
"e142","e142"
"142","142"
"e143","e143"
"143","143"
"sea","sea"
"e150","e150"
"e150a","e150a"
"150","150"
"150a","150a"
"plain","plain"
"caramel","caramel"
"e150b","e150b"
"150b","150b"
"b","b"
"caustic","caustic"
"sulphite","sulphite"
"e150c","e150c"
"150c","150c"
"c","c"
"ammonia","ammonia"
"e150d","e150d"
"150d","150d"
"d","d"
"e151","e151"
"151","151"
"black","black"
"pn","pn"
"bn","bn"
"e152","e152"
"152","152"
"carbon","carbon"
"hydrocarbon","hydrocarbon"
"e153","e153"
"153","153"
"vegetable","vegetable"
"e154","e154"
"154","154"
"fk","fk"
"kipper","kipper"
"e155","e155"
"155","155"
"ht","ht"
"chocolate","chocolate"
"e160","e160"
"e160a","e160a"
"160","160"
"160a","160a"
"alpha","alpha"
"carotene","carotene"
"beta","beta"
"gamma","gamma"
"e160b","e160b"
"160b","160b"
"annatto","annatto"
"bixin","bixin"
"norbixin","norbixin"
"e160c","e160c"
"160c","160c"
"paprika","paprika"
"oleoresin","oleoresin"
"capsanthin","capsanthin"
"capsorubin","capsorubin"
"e160d","e160d"
"160d","160d"
"lycopene","lycopene"
"bright","bright"
"deep","deep"
"e160e","e160e"
"160e","160e"
"apo","apo"
"8","8"
"carotenal","carotenal"
"30","30"
"e160f","e160f"
"160f","160f"
"f","f"
"ethyl","ethyl"
"ester","ester"
"carotenic","carotenic"
"e161","e161"
"e161a","e161a"
"161","161"
"161a","161a"
"flavoxanthin","flavoxanthin"
"golden","golden"
"brownish","brownish"
"e161b","e161b"
"161b","161b"
"lutein","lutein"
"e161c","e161c"
"161c","161c"
"cryptoxanthin","cryptoxanthin"
"e161d","e161d"
"161d","161d"
"rubixanthin","rubixanthin"
"e161e","e161e"
"161e","161e"
"violaxanthin","violaxanthin"
"e161f","e161f"
"161f","161f"
"rhodoxanthin","rhodoxanthin"
"purple","purple"
"e161g","e161g"
"161g","161g"
"g","g"
"canthaxanthin","canthaxanthin"
"violet","violet"
"e161h","e161h"
"161h","161h"
"h","h"
"zeaxanthin","zeaxanthin"
"e161i","e161i"
"161i","161i"
"citranaxanthin","citranaxanthin"
"e161j","e161j"
"161j","161j"
"j","j"
"astaxanthin","astaxanthin"
"e162","e162"
"162","162"
"beetroot","beetroot"
"betanin","betanin"
"e163","e163"
"163","163"
"anthocyanins","anthocyanins"
"ph","ph"
"dependent","dependent"
"ranges","ranges"
"e164","e164"
"164","164"
"saffron","saffron"
"colour?","colour?"
"e170","e170"
"170","170"
"calcium","calcium"
"carbonate","carbonate"
"chalk","chalk"
"white","white"
"e171","e171"
"171","171"
"titanium","titanium"
"dioxide","dioxide"
"e172","e172"
"172","172"
"iron","iron"
"oxides","oxides"
"hydroxides","hydroxides"
"e173","e173"
"173","173"
"aluminium","aluminium"
"silver","silver"
"grey","grey"
"e174","e174"
"174","174"
"e175","e175"
"175","175"
"gold","gold"
"e180","e180"
"180","180"
"pigment","pigment"
"rubine","rubine"
"lithol","lithol"
"bk","bk"
"e181","e181"
"181","181"
"tannin","tannin"
"e182","e182"
"182","182"
"orcein","orcein"
"orchil","orchil"
"e200","e200"
"200","200"
"sorbic","sorbic"
"preservative","preservative"
"e201","e201"
"201","201"
"sorbate","sorbate"
"e202","e202"
"202","202"
"potassium","potassium"
"e203","e203"
"203","203"
"e209","e209"
"209","209"
"heptyl","heptyl"
"p","p"
"hydroxybenzoate","hydroxybenzoate"
"e210","e210"
"210","210"
"benzoic","benzoic"
"e211","e211"
"211","211"
"benzoate","benzoate"
"e212","e212"
"212","212"
"e213","e213"
"213","213"
"e214","e214"
"214","214"
"ethylparaben","ethylparaben"
"para","para"
"e215","e215"
"215","215"
"e216","e216"
"216","216"
"propylparaben","propylparaben"
"propyl","propyl"
"e217","e217"
"217","217"
"e218","e218"
"218","218"
"methylparaben","methylparaben"
"methyl","methyl"
"e219","e219"
"219","219"
"e220","e220"
"220","220"
"sulphur","sulphur"
"e221","e221"
"221","221"
"e222","e222"
"222","222"
"bisulphite","bisulphite"
"hydrogen","hydrogen"
"e223","e223"
"223","223"
"metabisulphite","metabisulphite"
"e224","e224"
"224","224"
"e225","e225"
"225","225"
"e226","e226"
"226","226"
"e227","e227"
"227","227"
"firming","firming"
"agent","agent"
"e228","e228"
"228","228"
"e230","e230"
"230","230"
"biphenyl","biphenyl"
"diphenyl","diphenyl"
"e231","e231"
"231","231"
"orthophenyl","orthophenyl"
"phenol","phenol"
"e232","e232"
"232","232"
"e233","e233"
"233","233"
"thiabendazole","thiabendazole"
"e234","e234"
"234","234"
"nisin","nisin"
"e235","e235"
"235","235"
"natamycin","natamycin"
"pimaracin","pimaracin"
"e236","e236"
"236","236"
"formic","formic"
"e237","e237"
"237","237"
"formate","formate"
"e238","e238"
"238","238"
"e239","e239"
"239","239"
"hexamine","hexamine"
"hexamethylene","hexamethylene"
"tetramine","tetramine"
"e240","e240"
"240","240"
"formaldehyde","formaldehyde"
"e242","e242"
"242","242"
"dimethyl","dimethyl"
"dicarbonate","dicarbonate"
"e249","e249"
"249","249"
"nitrite","nitrite"
"e250","e250"
"250","250"
"e251","e251"
"251","251"
"nitrate","nitrate"
"chile","chile"
"saltpeter","saltpeter"
"e252","e252"
"252","252"
"saltpetre","saltpetre"
"e260","e260"
"260","260"
"acetic","acetic"
"acidity","acidity"
"regulator","regulator"
"e261","e261"
"261","261"
"acetate","acetate"
"e262","e262"
"262","262"
"acetates","acetates"
"diacetate","diacetate"
"e263","e263"
"263","263"
"e264","e264"
"264","264"
"ammonium","ammonium"
"e265","e265"
"265","265"
"dehydroacetic","dehydroacetic"
"e266","e266"
"266","266"
"dehydroacetate","dehydroacetate"
"e270","e270"
"270","270"
"lactic","lactic"
"antioxidant","antioxidant"
"e280","e280"
"280","280"
"propionic","propionic"
"e281","e281"
"281","281"
"propionate","propionate"
"e282","e282"
"282","282"
"e283","e283"
"283","283"
"e284","e284"
"284","284"
"boric","boric"
"e285","e285"
"285","285"
"tetraborate","tetraborate"
"borax","borax"
"e290","e290"
"290","290"
"e296","e296"
"296","296"
"malic","malic"
"e297","e297"
"297","297"
"fumaric","fumaric"
"e300","e300"
"300","300"
"ascorbic","ascorbic"
"e301","e301"
"301","301"
"ascorbate","ascorbate"
"e302","e302"
"302","302"
"e303","e303"
"303","303"
"e304","e304"
"304","304"
"fatty","fatty"
"esters","esters"
"ascorbyl","ascorbyl"
"palmitate","palmitate"
"e305","e305"
"305","305"
"stearate","stearate"
"e306","e306"
"306","306"
"tocopherols","tocopherols"
"e307","e307"
"307","307"
"tocopherol","tocopherol"
"synthetic","synthetic"
"e308","e308"
"308","308"
"e309","e309"
"309","309"
"delta","delta"
"e310","e310"
"310","310"
"gallate","gallate"
"e311","e311"
"311","311"
"octyl","octyl"
"e312","e312"
"312","312"
"dodecyl","dodecyl"
"e313","e313"
"313","313"
"e314","e314"
"314","314"
"guaiac","guaiac"
"resin","resin"
"e315","e315"
"315","315"
"erythorbic","erythorbic"
"e316","e316"
"316","316"
"erythorbate","erythorbate"
"e317","e317"
"317","317"
"erythorbin","erythorbin"
"e318","e318"
"318","318"
"e319","e319"
"319","319"
"tert","tert"
"butylhydroquinone","butylhydroquinone"
"tbhq","tbhq"
"e320","e320"
"320","320"
"butylated","butylated"
"hydroxyanisole","hydroxyanisole"
"bha","bha"
"e321","e321"
"321","321"
"hydroxytoluene","hydroxytoluene"
"bht","bht"
"e322","e322"
"322","322"
"lecithin","lecithin"
"emulsifier","emulsifier"
"e323","e323"
"323","323"
"anoxomer","anoxomer"
"e324","e324"
"324","324"
"ethoxyquin","ethoxyquin"
"e325","e325"
"325","325"
"lactate","lactate"
"e326","e326"
"326","326"
"e327","e327"
"327","327"
"e328","e328"
"328","328"
"e329","e329"
"329","329"
"magnesium","magnesium"
"e330","e330"
"330","330"
"citric","citric"
"e331","e331"
"331","331"
"citrates","citrates"
"monosodium","monosodium"
"citrate","citrate"
"disodium","disodium"
"iii","iii"
"trisodium","trisodium"
"e332","e332"
"332","332"
"monopotassium","monopotassium"
"tripotassium","tripotassium"
"e333","e333"
"333","333"
"monocalcium","monocalcium"
"dicalcium","dicalcium"
"tricalcium","tricalcium"
"sequestrant","sequestrant"
"e334","e334"
"334","334"
"tartaric","tartaric"
"l","l"
"e335","e335"
"335","335"
"tartrates","tartrates"
"tartrate","tartrate"
"e336","e336"
"336","336"
"cream","cream"
"tartar","tartar"
"dipotassium","dipotassium"
"e337","e337"
"337","337"
"e338","e338"
"338","338"
"orthophosphoric","orthophosphoric"
"e339","e339"
"339","339"
"phosphates","phosphates"
"e340","e340"
"340","340"
"e341","e341"
"341","341"
"anti","anti"
"caking","caking"
"e342","e342"
"342","342"
"monoammonium","monoammonium"
"diammonium","diammonium"
"e343","e343"
"343","343"
"monomagnesium","monomagnesium"
"dimagnesium","dimagnesium"
"e344","e344"
"344","344"
"lecitin","lecitin"
"e345","e345"
"345","345"
"e349","e349"
"349","349"
"malate","malate"
"e350","e350"
"350","350"
"malates","malates"
"e351","e351"
"351","351"
"e352","e352"
"352","352"
"e353","e353"
"353","353"
"metatartaric","metatartaric"
"e354","e354"
"354","354"
"e355","e355"
"355","355"
"adipic","adipic"
"e356","e356"
"356","356"
"adipate","adipate"
"e357","e357"
"357","357"
"e359","e359"
"359","359"
"e363","e363"
"363","363"
"succinic","succinic"
"e365","e365"
"365","365"
"fumarate","fumarate"
"e366","e366"
"366","366"
"e367","e367"
"367","367"
"e368","e368"
"368","368"
"e370","e370"
"370","370"
"heptonolactone","heptonolactone"
"e380","e380"
"380","380"
"triammonium","triammonium"
"e381","e381"
"381","381"
"ferric","ferric"
"e383","e383"
"383","383"
"glycerylphosphate","glycerylphosphate"
"e384","e384"
"384","384"
"isopropyl","isopropyl"
"e385","e385"
"385","385"
"ethylene","ethylene"
"diamine","diamine"
"tetraacetate","tetraacetate"
"edta","edta"
"e386","e386"
"386","386"
"e387","e387"
"387","387"
"oxystearin","oxystearin"
"stabiliser","stabiliser"
"e388","e388"
"388","388"
"thiodipropionic","thiodipropionic"
"e389","e389"
"389","389"
"dilauryl","dilauryl"
"thiodipropionate","thiodipropionate"
"e390","e390"
"390","390"
"distearyl","distearyl"
"e391","e391"
"391","391"
"phytic","phytic"
"e392","e392"
"392","392"
"extracts","extracts"
"rosemary","rosemary"
"e399","e399"
"399","399"
"lactobionate","lactobionate"
"e400","e400"
"400","400"
"alginic","alginic"
"thickener","thickener"
"gelling","gelling"
"e401","e401"
"401","401"
"alginate","alginate"
"e402","e402"
"402","402"
"e403","e403"
"403","403"
"e404","e404"
"404","404"
"e405","e405"
"405","405"
"propane","propane"
"diol","diol"
"propylene","propylene"
"glycol","glycol"
"e406","e406"
"406","406"
"agar","agar"
"e407","e407"
"407","407"
"carrageenan","carrageenan"
"e407a","e407a"
"407a","407a"
"processed","processed"
"eucheuma","eucheuma"
"seaweed","seaweed"
"e408","e408"
"408","408"
"bakers","bakers"
"yeast","yeast"
"glycan","glycan"
"e409","e409"
"409","409"
"arabinogalactan","arabinogalactan"
"e410","e410"
"410","410"
"locust","locust"
"bean","bean"
"gum","gum"
"carob","carob"
"e411","e411"
"411","411"
"oat","oat"
"e412","e412"
"412","412"
"guar","guar"
"e413","e413"
"413","413"
"tragacanth","tragacanth"
"e414","e414"
"414","414"
"acacia","acacia"
"arabic","arabic"
"e415","e415"
"415","415"
"xanthan","xanthan"
"e416","e416"
"416","416"
"karaya","karaya"
"e417","e417"
"417","417"
"tara","tara"
"e418","e418"
"418","418"
"gellan","gellan"
"e419","e419"
"419","419"
"ghatti","ghatti"
"e420","e420"
"420","420"
"sorbitol","sorbitol"
"syrup","syrup"
"sweetener","sweetener"
"humectant","humectant"
"e421","e421"
"421","421"
"mannitol","mannitol"
"e422","e422"
"422","422"
"glycerol","glycerol"
"e424","e424"
"424","424"
"curdlan","curdlan"
"e425","e425"
"425","425"
"konjac","konjac"
"glucomannane","glucomannane"
"e426","e426"
"426","426"
"soybean","soybean"
"hemicellulose","hemicellulose"
"e427","e427"
"427","427"
"cassia","cassia"
"e429","e429"
"429","429"
"peptones","peptones"
"e430","e430"
"430","430"
"polyoxyethene","polyoxyethene"
"e431","e431"
"431","431"
"e432","e432"
"432","432"
"20","20"
"sorbitan","sorbitan"
"monolaurate","monolaurate"
"polysorbate","polysorbate"
"e433","e433"
"433","433"
"monooleate","monooleate"
"80","80"
"e434","e434"
"434","434"
"monopalmitate","monopalmitate"
"e435","e435"
"435","435"
"monostearate","monostearate"
"60","60"
"e436","e436"
"436","436"
"tristearate","tristearate"
"65","65"
"e440","e440"
"440","440"
"pectins","pectins"
"pectin","pectin"
"amidated","amidated"
"e441","e441"
"441","441"
"gelatine","gelatine"
"e442","e442"
"442","442"
"phosphatides","phosphatides"
"e443","e443"
"443","443"
"brominated","brominated"
"oil","oil"
"e444","e444"
"444","444"
"sucrose","sucrose"
"isobutyrate","isobutyrate"
"e445","e445"
"445","445"
"wood","wood"
"rosins","rosins"
"e446","e446"
"446","446"
"succistearin","succistearin"
"e450","e450"
"450","450"
"diphosphates","diphosphates"
"diphosphate","diphosphate"
"tetrasodium","tetrasodium"
"iv","iv"
"tetrapotassium","tetrapotassium"
"vi","vi"
"vii","vii"
"dihydrogen","dihydrogen"
"e451","e451"
"451","451"
"triphosphates","triphosphates"
"triphosphate","triphosphate"
"pentasodium","pentasodium"
"pentapotassium","pentapotassium"
"e452","e452"
"452","452"
"polyphosphates","polyphosphates"
"polyphosphate","polyphosphate"
"e459","e459"
"459","459"
"cyclodextrin","cyclodextrin"
"e460","e460"
"460","460"
"cellulose","cellulose"
"microcrystalline","microcrystalline"
"powdered","powdered"
"e461","e461"
"461","461"
"e462","e462"
"462","462"
"e463","e463"
"463","463"
"hydroxypropyl","hydroxypropyl"
"e464","e464"
"464","464"
"hypromellose","hypromellose"
"methylcellulose","methylcellulose"
"e465","e465"
"465","465"
"e466","e466"
"466","466"
"carboxymethyl","carboxymethyl"
"e467","e467"
"467","467"
"hydroxyethyl","hydroxyethyl"
"e468","e468"
"468","468"
"crosslinked","crosslinked"
"croscarmellose","croscarmellose"
"e469","e469"
"469","469"
"enzymically","enzymically"
"hydrolysed","hydrolysed"
"carboxymethylcellulose","carboxymethylcellulose"
"e470","e470"
"e470a","e470a"
"470","470"
"470a","470a"
"salts","salts"
"acids","acids"
"e470b","e470b"
"470b","470b"
"e471","e471"
"471","471"
"mono","mono"
"diglycerides","diglycerides"
"glyceryl","glyceryl"
"distearate","distearate"
"e472","e472"
"e472a","e472a"
"472","472"
"472a","472a"
"e472b","e472b"
"472b","472b"
"e472c","e472c"
"472c","472c"
"e472d","e472d"
"472d","472d"
"e472e","e472e"
"472e","472e"
"diacetyl","diacetyl"
"e472f","e472f"
"472f","472f"
"mixed","mixed"
"e472g","e472g"
"472g","472g"
"succinylated","succinylated"
"monoglycerides","monoglycerides"
"e473","e473"
"473","473"
"e474","e474"
"474","474"
"sucroglycerides","sucroglycerides"
"e475","e475"
"475","475"
"polyglycerol","polyglycerol"
"e476","e476"
"476","476"
"polyricinoleate","polyricinoleate"
"e477","e477"
"477","477"
"e478","e478"
"478","478"
"lactylated","lactylated"
"e479","e479"
"e479b","e479b"
"479","479"
"479b","479b"
"thermally","thermally"
"oxidized","oxidized"
"soya","soya"
"interacted","interacted"
"with","with"
"e480","e480"
"480","480"
"dioctyl","dioctyl"
"sulphosuccinate","sulphosuccinate"
"e481","e481"
"481","481"
"stearoyl","stearoyl"
"lactylate","lactylate"
"e482","e482"
"482","482"
"e483","e483"
"483","483"
"stearyl","stearyl"
"e484","e484"
"484","484"
"e485","e485"
"485","485"
"e486","e486"
"486","486"
"e487","e487"
"487","487"
"laurylsulphate","laurylsulphate"
"e488","e488"
"488","488"
"ethoxylated","ethoxylated"
"di","di"
"glycerides","glycerides"
"e489","e489"
"489","489"
"glucoside","glucoside"
"coconut","coconut"
"e490","e490"
"490","490"
"e491","e491"
"491","491"
"e492","e492"
"492","492"
"e493","e493"
"493","493"
"e494","e494"
"494","494"
"e495","e495"
"495","495"
"e496","e496"
"496","496"
"trioleate","trioleate"
"e497","e497"
"497","497"
"polyoxypropylene","polyoxypropylene"
"polyoxyethylene","polyoxyethylene"
"polymers","polymers"
"e498","e498"
"498","498"
"partial","partial"
"polycondensed","polycondensed"
"castor","castor"
"e500","e500"
"500","500"
"carbonates","carbonates"
"bicarbonate","bicarbonate"
"sesquicarbonate","sesquicarbonate"
"raising","raising"
"e501","e501"
"501","501"
"e503","e503"
"503","503"
"e504","e504"
"504","504"
"e505","e505"
"505","505"
"ferrous","ferrous"
"e507","e507"
"507","507"
"hydrochloric","hydrochloric"
"e508","e508"
"508","508"
"chloride","chloride"
"seasoning","seasoning"
"e509","e509"
"509","509"
"e510","e510"
"510","510"
"solution","solution"
"improving","improving"
"e511","e511"
"511","511"
"e512","e512"
"512","512"
"stannous","stannous"
"e513","e513"
"513","513"
"sulphuric","sulphuric"
"e514","e514"
"514","514"
"sulphates","sulphates"
"sulphate","sulphate"
"e515","e515"
"515","515"
"e516","e516"
"516","516"
"e517","e517"
"517","517"
"e518","e518"
"518","518"
"epsom","epsom"
"e519","e519"
"519","519"
"e520","e520"
"520","520"
"e521","e521"
"521","521"
"e522","e522"
"522","522"
"e523","e523"
"523","523"
"e524","e524"
"524","524"
"hydroxide","hydroxide"
"e525","e525"
"525","525"
"e526","e526"
"526","526"
"e527","e527"
"527","527"
"e528","e528"
"528","528"
"e529","e529"
"529","529"
"oxide","oxide"
"e530","e530"
"530","530"
"e535","e535"
"535","535"
"ferrocyanide","ferrocyanide"
"e536","e536"
"536","536"
"e537","e537"
"537","537"
"hexacyanomanganate","hexacyanomanganate"
"e538","e538"
"538","538"
"e539","e539"
"539","539"
"thiosulphate","thiosulphate"
"e540","e540"
"540","540"
"e541","e541"
"541","541"
"acidic","acidic"
"basic","basic"
"e542","e542"
"542","542"
"bone","bone"
"essentiale","essentiale"
"tribasic","tribasic"
"e543","e543"
"543","543"
"e544","e544"
"544","544"
"e545","e545"
"545","545"
"e550","e550"
"550","550"
"silicates","silicates"
"silicate","silicate"
"metasilicate","metasilicate"
"e551","e551"
"551","551"
"silicon","silicon"
"silica","silica"
"e552","e552"
"552","552"
"e553","e553"
"e553a","e553a"
"553","553"
"553a","553a"
"trisilicate","trisilicate"
"e553b","e553b"
"553b","553b"
"talc","talc"
"e554","e554"
"554","554"
"aluminosilicate","aluminosilicate"
"e555","e555"
"555","555"
"e556","e556"
"556","556"
"e557","e557"
"557","557"
"zinc","zinc"
"e558","e558"
"558","558"
"bentonite","bentonite"
"e559","e559"
"559","559"
"kaolin","kaolin"
"e560","e560"
"560","560"
"e561","e561"
"561","561"
"vermiculite","vermiculite"
"e562","e562"
"562","562"
"sepiolite","sepiolite"
"e563","e563"
"563","563"
"sepiolitic","sepiolitic"
"clay","clay"
"e565","e565"
"565","565"
"lignosulphonates","lignosulphonates"
"e566","e566"
"566","566"
"natrolite","natrolite"
"phonolite","phonolite"
"e570","e570"
"570","570"
"e572","e572"
"572","572"
"e574","e574"
"574","574"
"gluconic","gluconic"
"e575","e575"
"575","575"
"glucono","glucono"
"lactone","lactone"
"e576","e576"
"576","576"
"gluconate","gluconate"
"e577","e577"
"577","577"
"e578","e578"
"578","578"
"e579","e579"
"579","579"
"food","food"
"colouring","colouring"
"e580","e580"
"580","580"
"e585","e585"
"585","585"
"e586","e586"
"586","586"
"hexylresorcinol","hexylresorcinol"
"e598","e598"
"598","598"
"aluminates","aluminates"
"e599","e599"
"599","599"
"perlite","perlite"
"e620","e620"
"620","620"
"glutamic","glutamic"
"flavour","flavour"
"enhancer","enhancer"
"e621","e621"
"621","621"
"glutamate","glutamate"
"msg","msg"
"e622","e622"
"622","622"
"e623","e623"
"623","623"
"diglutamate","diglutamate"
"e624","e624"
"624","624"
"e625","e625"
"625","625"
"e626","e626"
"626","626"
"guanylic","guanylic"
"e627","e627"
"627","627"
"guanylate","guanylate"
"e628","e628"
"628","628"
"e629","e629"
"629","629"
"e630","e630"
"630","630"
"inosinic","inosinic"
"e631","e631"
"631","631"
"inosinate","inosinate"
"e632","e632"
"632","632"
"e633","e633"
"633","633"
"e634","e634"
"634","634"
"ribonucleotides","ribonucleotides"
"e635","e635"
"635","635"
"e640","e640"
"640","640"
"glycine","glycine"
"its","its"
"salt","salt"
"e650","e650"
"650","650"
"e701","e701"
"701","701"
"tetracyclines","tetracyclines"
"antibiotic","antibiotic"
"e702","e702"
"702","702"
"chlortetracycline","chlortetracycline"
"e703","e703"
"703","703"
"oxytetracycline","oxytetracycline"
"e704","e704"
"704","704"
"oleandomycin","oleandomycin"
"e705","e705"
"705","705"
"penicillin","penicillin"
"e706","e706"
"706","706"
"e707","e707"
"707","707"
"procaine","procaine"
"e708","e708"
"708","708"
"benzathine","benzathine"
"e710","e710"
"710","710"
"spiramycins","spiramycins"
"e711","e711"
"711","711"
"virginiamycins","virginiamycins"
"e712","e712"
"712","712"
"flavomycin","flavomycin"
"e713","e713"
"713","713"
"tylosin","tylosin"
"e714","e714"
"714","714"
"monensin","monensin"
"e715","e715"
"715","715"
"avoparcin","avoparcin"
"e716","e716"
"716","716"
"salinomycin","salinomycin"
"e717","e717"
"717","717"
"avilamycin","avilamycin"
"e900","e900"
"900","900"
"polysiloxane","polysiloxane"
"foaming","foaming"
"e901","e901"
"901","901"
"beeswax","beeswax"
"glazing","glazing"
"e902","e902"
"902","902"
"candelilla","candelilla"
"wax","wax"
"e903","e903"
"903","903"
"carnauba","carnauba"
"e904","e904"
"904","904"
"shellac","shellac"
"e905","e905"
"905","905"
"paraffins","paraffins"
"e905a","e905a"
"905a","905a"
"mineral","mineral"
"e905b","e905b"
"905b","905b"
"petrolatum","petrolatum"
"e905c","e905c"
"905c","905c"
"petroleum","petroleum"
"paraffin","paraffin"
"e906","e906"
"906","906"
"e907","e907"
"907","907"
"crystalline","crystalline"
"e908","e908"
"908","908"
"rice","rice"
"bran","bran"
"e909","e909"
"909","909"
"spermaceti","spermaceti"
"e910","e910"
"910","910"
"e911","e911"
"911","911"
"e912","e912"
"912","912"
"montanic","montanic"
"montan","montan"
"e913","e913"
"913","913"
"lanolin","lanolin"
"sheep","sheep"
"wool","wool"
"grease","grease"
"e914","e914"
"914","914"
"polyethylene","polyethylene"
"e915","e915"
"915","915"
"colophony","colophony"
"e916","e916"
"916","916"
"iodate","iodate"
"e917","e917"
"917","917"
"e918","e918"
"918","918"
"nitrogen","nitrogen"
"e919","e919"
"919","919"
"nitrosyl","nitrosyl"
"e920","e920"
"920","920"
"cysteine","cysteine"
"e921","e921"
"921","921"
"cystine","cystine"
"e922","e922"
"922","922"
"persulphate","persulphate"
"e923","e923"
"923","923"
"e924","e924"
"924","924"
"bromate","bromate"
"e924b","e924b"
"924b","924b"
"e925","e925"
"925","925"
"chlorine","chlorine"
"bleach","bleach"
"e926","e926"
"926","926"
"e927","e927"
"e927a","e927a"
"927","927"
"927a","927a"
"azodicarbonamide","azodicarbonamide"
"e927b","e927b"
"927b","927b"
"carbamide","carbamide"
"urea","urea"
"e928","e928"
"928","928"
"benzoyl","benzoyl"
"peroxide","peroxide"
"e929","e929"
"929","929"
"acetone","acetone"
"e930","e930"
"930","930"
"e938","e938"
"938","938"
"argon","argon"
"packaging","packaging"
"gas","gas"
"e939","e939"
"939","939"
"helium","helium"
"e940","e940"
"940","940"
"dichlorodifluoromethane","dichlorodifluoromethane"
"e941","e941"
"941","941"
"propellant","propellant"
"e942","e942"
"942","942"
"nitrous","nitrous"
"e943","e943"
"e943a","e943a"
"943","943"
"943a","943a"
"butane","butane"
"e943b","e943b"
"943b","943b"
"isobutane","isobutane"
"e944","e944"
"944","944"
"e945","e945"
"945","945"
"chloropentafluoroethane","chloropentafluoroethane"
"e946","e946"
"946","946"
"octafluorocyclobutane","octafluorocyclobutane"
"e948","e948"
"948","948"
"oxygen","oxygen"
"e949","e949"
"949","949"
"e950","e950"
"950","950"
"acesulfame","acesulfame"
"e951","e951"
"951","951"
"aspartame","aspartame"
"e952","e952"
"952","952"
"cyclamic","cyclamic"
"also","also"
"known","known"
"as","as"
"cyclamate","cyclamate"
"e953","e953"
"953","953"
"isomalt","isomalt"
"isomaltitol","isomaltitol"
"e954","e954"
"954","954"
"saccharin","saccharin"
"e955","e955"
"955","955"
"sucralose","sucralose"
"trichlorogalactosucrose","trichlorogalactosucrose"
"e956","e956"
"956","956"
"alitame","alitame"
"e957","e957"
"957","957"
"thaumatin","thaumatin"
"e958","e958"
"958","958"
"glycyrrhizin","glycyrrhizin"
"e959","e959"
"959","959"
"neohesperidine","neohesperidine"
"dihydrochalcone","dihydrochalcone"
"e960","e960"
"960","960"
"steviol","steviol"
"glycosides","glycosides"
"e961","e961"
"961","961"
"neotame","neotame"
"e962","e962"
"962","962"
"e965","e965"
"965","965"
"maltitol","maltitol"
"e966","e966"
"966","966"
"lactitol","lactitol"
"e967","e967"
"967","967"
"xylitol","xylitol"
"e968","e968"
"968","968"
"erythritol","erythritol"
"e999","e999"
"999","999"
"quillaia","quillaia"
"extract","extract"
"e1000","e1000"
"1000","1000"
"cholic","cholic"
"e1001","e1001"
"1001","1001"
"choline","choline"
"e1100","e1100"
"1100","1100"
"amylase","amylase"
"e1101","e1101"
"1101","1101"
"proteases","proteases"
"protease","protease"
"papain","papain"
"bromelain","bromelain"
"ficin","ficin"
"e1102","e1102"
"1102","1102"
"glucose","glucose"
"oxidase","oxidase"
"e1103","e1103"
"1103","1103"
"invertase","invertase"
"e1104","e1104"
"1104","1104"
"lipases","lipases"
"e1105","e1105"
"1105","1105"
"lysozyme","lysozyme"
"e1200","e1200"
"1200","1200"
"polydextrose","polydextrose"
"thickening","thickening"
"carrier","carrier"
"e1201","e1201"
"1201","1201"
"polyvinylpyrrolidone","polyvinylpyrrolidone"
"e1202","e1202"
"1202","1202"
"polyvinylpolypyrrolidone","polyvinylpolypyrrolidone"
"e1203","e1203"
"1203","1203"
"polyvinyl","polyvinyl"
"alcohol","alcohol"
"e1204","e1204"
"1204","1204"
"pullulan","pullulan"
"e1400","e1400"
"1400","1400"
"dextrin","dextrin"
"dextrins","dextrins"
"roasted","roasted"
"starch","starch"
"e1401","e1401"
"1401","1401"
"modified","modified"
"treated","treated"
"e1402","e1402"
"1402","1402"
"alkaline","alkaline"
"e1403","e1403"
"1403","1403"
"bleached","bleached"
"e1404","e1404"
"1404","1404"
"e1405","e1405"
"1405","1405"
"enzyme","enzyme"
"e1410","e1410"
"1410","1410"
"monostarch","monostarch"
"e1411","e1411"
"1411","1411"
"distarch","distarch"
"e1412","e1412"
"1412","1412"
"esterified","esterified"
"trimetasphosphate;","trimetasphosphate"
"phosphorus","phosphorus"
"oxychloride","oxychloride"
"e1413","e1413"
"1413","1413"
"phosphated","phosphated"
"e1414","e1414"
"1414","1414"
"acetylated","acetylated"
"e1420","e1420"
"1420","1420"
"anhydride","anhydride"
"e1421","e1421"
"1421","1421"
"vinyl","vinyl"
"e1422","e1422"
"1422","1422"
"e1423","e1423"
"1423","1423"
"e1430","e1430"
"1430","1430"
"glycerine","glycerine"
"e1440","e1440"
"1440","1440"
"hydroxy","hydroxy"
"e1441","e1441"
"1441","1441"
"e1442","e1442"
"1442","1442"
"e1443","e1443"
"1443","1443"
"e1450","e1450"
"1450","1450"
"octenyl","octenyl"
"succinate","succinate"
"e1451","e1451"
"1451","1451"
"oxidised","oxidised"
"e1452","e1452"
"1452","1452"
"e1501","e1501"
"1501","1501"
"benzylated","benzylated"
"hydrocarbons","hydrocarbons"
"e1502","e1502"
"1502","1502"
"e1503","e1503"
"1503","1503"
"resolving","resolving"
"e1504","e1504"
"1504","1504"
"solvent","solvent"
"e1505","e1505"
"1505","1505"
"triethyl","triethyl"
"foam","foam"
"e1510","e1510"
"1510","1510"
"ethanol","ethanol"
"e1516","e1516"
"1516","1516"
"monoacetate","monoacetate"
"e1517","e1517"
"1517","1517"
"diacetin","diacetin"
"e1518","e1518"
"1518","1518"
"triacetate","triacetate"
"triacetin","triacetin"
"e1519","e1519"
"1519","1519"
"benzyl","benzyl"
"e1520","e1520"
"1520","1520"
"e1521","e1521"
"1521","1521"
"8000","8000"
"25","25"
"e1525","e1525"
"1525","1525"
"oh","oh"
"nil","nil"
"zero","zero"
"nought","nought"
"naught","naught"
"one","one"
"two","two"
"three","three"
"four","four"
"five","five"
"six","six"
"seven","seven"
"eight","eight"
"nine","nine"
"ten","ten"
"eleven","eleven"
"twelve","twelve"
"thirteen","thirteen"
"fourteen","fourteen"
"fifteen","fifteen"
"sixteen","sixteen"
"seventeen","seventeen"
"eighteen","eighteen"
"nineteen","nineteen"
"twenty","twenty"
"thirty","thirty"
"forty","forty"
"fifty","fifty"
"sixty","sixty"
"seventy","seventy"
"eighty","eighty"
"ninety","ninety"
"hundred","hundred"
"thousand","thousand"
"lakh","lakh"
"million","million"
"crore","crore"
"billion","billion"
"trillion","trillion"
"quadrillion","quadrillion"
"quintillion","quintillion"
"sextillion","sextillion"
"septillion","septillion"
"octillion","octillion"
"nonillion","nonillion"
"decillion","decillion"
"zeroth","zeroth"
"first","first"
"second","second"
"third","third"
"fourth","fourth"
"fifth","fifth"
"sixth","sixth"
"seventh","seventh"
"eighth","eighth"
"ninth","ninth"
"tenth","tenth"
"eleventh","eleventh"
"twelfth","twelfth"
"thirteenth","thirteenth"
"fourteenth","fourteenth"
"fifteenth","fifteenth"
"sixteenth","sixteenth"
"seventeenth","seventeenth"
"eighteenth","eighteenth"
"nineteenth","nineteenth"
"twentieth","twentieth"
"thirtieth","thirtieth"
"fortieth","fortieth"
"fiftieth","fiftieth"
"sixtieth","sixtieth"
"seventieth","seventieth"
"eightieth","eightieth"
"ninetieth","ninetieth"
"hundredth","hundredth"
"thousandth","thousandth"
"lakhth","lakhth"
"millionth","millionth"
"croreth","croreth"
"billionth","billionth"
"trillionth","trillionth"
"quadrillionth","quadrillionth"
"quintillionth","quintillionth"
"sextillionth","sextillionth"
"septillionth","septillionth"
"octillionth","octillionth"
"nonillionth","nonillionth"
"decillionth","decillionth"
"ins","ins","i.n.s.","i n s"
"ins100","ins100"
"curcumins","curcumins"
"colour","colour"
"ins100(i)","ins100i"
"100(i)","100i"
"ins100(ii)","ins100ii"
"100(ii)","100ii"
"ins101","ins101"
"riboflavins","riboflavins"
"ins101(i)","ins101i"
"101(i)","101i"
"ins101(ii)","ins101ii"
"101(ii)","101ii"
"ins101(iii)","ins101iii"
"101(iii)","101iii"
"bacillus","bacillus"
"subtilis","subtilis"
"ins102","ins102"
"fda","fda"
"ins103","ins103"
"chrysoine","chrysoine"
"resorcinol","resorcinol"
"ins104","ins104"
"d&c","d&c"
"10","10"
"ins107","ins107"
"ins110","ins110"
"ins111","ins111"
"delisted","delisted"
"ins120","ins120"
"carmines","carmines"
"ins121","ins121"
"ins122","ins122"
"ext","ext"
"ins123","ins123"
"ins124","ins124"
"ins125","ins125"
"ins126","ins126"
"ins127","ins127"
"ins128","ins128"
"ins129","ins129"
"ins130","ins130"
"ins131","ins131"
"ins132","ins132"
"ins133","ins133"
"ins140","ins140"
"ins141","ins141"
"ins141(i)","ins141i"
"141(i)","141i"
"ins141(ii)","ins141ii"
"141(ii)","141ii"
"ins142","ins142"
"ins143","ins143"
"ins150","ins150"
"caramels","caramels"
"ins150a","ins150a"
"ins150b","ins150b"
"sulfite","sulfite"
"ins150c","ins150c"
"ins150d","ins150d"
"ins151","ins151"
"ins152","ins152"
"ins153","ins153"
"ins154","ins154"
"ins155","ins155"
"ins160","ins160"
"ins160a","ins160a"
"carotenes","carotenes"
"ins160a(i)","ins160ai"
"160a(i)","160ai"
"a(i)","ai"
"ins160a(ii)","ins160aii"
"160a(ii)","160aii"
"a(ii)","aii"
"ins160a(iii)","ins160aiii"
"160a(iii)","160aiii"
"a(iii)","aiii"
"blakeslea","blakeslea"
"trispora","trispora"
"ins160a(iv)","ins160aiv"
"160a(iv)","160aiv"
"a(iv)","aiv"
"algae","algae"
"ins160b","ins160b"
"ins160b(i)","ins160bi"
"160b(i)","160bi"
"b(i)","bi"
"based","based"
"ins160b(ii)","ins160bii"
"160b(ii)","160bii"
"b(ii)","bii"
"ins160c","ins160c"
"ins160d","ins160d"
"lycopenes","lycopenes"
"ins160d(i)","ins160di"
"160d(i)","160di"
"d(i)","di"
"ins160d(ii)","ins160dii"
"160d(ii)","160dii"
"d(ii)","dii"
"tomato","tomato"
"ins160d(iii)","ins160diii"
"160d(iii)","160diii"
"d(iii)","diii"
"ins160e","ins160e"
"ins160f","ins160f"
"ins161","ins161"
"ins161a","ins161a"
"ins161b","ins161b"
"luteins","luteins"
"ins161b(i)","ins161bi"
"161b(i)","161bi"
"tagetes","tagetes"
"erecta","erecta"
"ins161b(ii)","ins161bii"
"161b(ii)","161bii"
"ins161c","ins161c"
"kryptoxanthin","kryptoxanthin"
"ins161d","ins161d"
"ins161e","ins161e"
"ins161f","ins161f"
"ins161g","ins161g"
"ins161h","ins161h"
"zeaxanthins","zeaxanthins"
"ins161h(i)","ins161hi"
"161h(i)","161hi"
"h(i)","hi"
"ins161h(ii)","ins161hii"
"161h(ii)","161hii"
"h(ii)","hii"
"rich","rich"
"ins161i","ins161i"
"ins161j","ins161j"
"ins162","ins162"
"beet","beet"
"ins163","ins163"
"ins163(ii)","ins163ii"
"163(ii)","163ii"
"grape","grape"
"skin","skin"
"ins163(iii)","ins163iii"
"163(iii)","163iii"
"blackcurrant","blackcurrant"
"ins163(iv)","ins163iv"
"163(iv)","163iv"
"corn","corn"
"ins163(v)","ins163v"
"163(v)","163v"
"cabbage","cabbage"
"ins164","ins164"
"gardenia","gardenia"
"ins165","ins165"
"165","165"
"ins166","ins166"
"166","166"
"sandalwood","sandalwood"
"ins170","ins170"
"ins170(i)","ins170i"
"170(i)","170i"
"anticaking","anticaking"
"stabilizer","stabilizer"
"surface","surface"
"colourant","colourant"
"ins170(ii)","ins170ii"
"170(ii)","170ii"
"ins171","ins171"
"ins172","ins172"
"ins172(i)","ins172i"
"172(i)","172i"
"ins172(ii)","ins172ii"
"172(ii)","172ii"
"ins172(iii)","ins172iii"
"172(iii)","172iii"
"ins173","ins173"
"ins174","ins174"
"ins175","ins175"
"ins180","ins180"
"ins181","ins181"
"tannins","tannins"
"ins182","ins182"
"ins200","ins200"
"ins201","ins201"
"ins202","ins202"
"ins203","ins203"
"ins209","ins209"
"ins210","ins210"
"ins211","ins211"
"ins212","ins212"
"ins213","ins213"
"ins214","ins214"
"ins215","ins215"
"ins216","ins216"
"ins217","ins217"
"ins218","ins218"
"ins219","ins219"
"ins220","ins220"
"sulfur","sulfur"
"ins221","ins221"
"ins222","ins222"
"bisulfite","bisulfite"
"ins223","ins223"
"metabisulfite","metabisulfite"
"bleaching","bleaching"
"ins224","ins224"
"ins225","ins225"
"ins226","ins226"
"ins227","ins227"
"ins228","ins228"
"ins230","ins230"
"ins231","ins231"
"hydroxybiphenyl","hydroxybiphenyl"
"ins232","ins232"
"ins233","ins233"
"ins234","ins234"
"ins235","ins235"
"pimaricin","pimaricin"
"ins236","ins236"
"ins237","ins237"
"ins238","ins238"
"ins239","ins239"
"ins240","ins240"
"ins241","ins241"
"241","241"
"guaicum","guaicum"
"ins242","ins242"
"ins249","ins249"
"fixative","fixative"
"ins250","ins250"
"ins251","ins251"
"ins252","ins252"
"ins260","ins260"
"glacial","glacial"
"ins261","ins261"
"ins262","ins262"
"ins263","ins263"
"ins264","ins264"
"ins265","ins265"
"ins266","ins266"
"ins270","ins270"
"ins280","ins280"
"ins281","ins281"
"ins282","ins282"
"ins283","ins283"
"ins284","ins284"
"ins285","ins285"
"ins290","ins290"
"ins296","ins296"
"ins297","ins297"
"ins300","ins300"
"water","water"
"soluble","soluble"
"ins301","ins301"
"ins302","ins302"
"ins303","ins303"
"ins304","ins304"
"fat","fat"
"ins307","ins307"
"ins307a","ins307a"
"307a","307a"
"ins307b","ins307b"
"307b","307b"
"concentrate","concentrate"
"ins307c","ins307c"
"307c","307c"
"dl","dl"
"ins308","ins308"
"ins309","ins309"
"ins310","ins310"
"ins311","ins311"
"ins312","ins312"
"ins315","ins315"
"ins316","ins316"
"ins317","ins317"
"ins318","ins318"
"ins319","ins319"
"ins320","ins320"
"ins321","ins321"
"ins322","ins322"
"lecithins","lecithins"
"ins325","ins325"
"ins326","ins326"
"ins327","ins327"
"ins328","ins328"
"ins329","ins329"
"ins330","ins330"
"ins331","ins331"
"ins332","ins332"
"ins333","ins333"
"ins334","ins334"
"ins335","ins335"
"ins336","ins336"
"ins337","ins337"
"ins338","ins338"
"phosphoric","phosphoric"
"ins339","ins339"
"ins340","ins340"
"ins341","ins341"
"ins342","ins342"
"ins343","ins343"
"ins344","ins344"
"ins345","ins345"
"ins349","ins349"
"ins350","ins350"
"ins351","ins351"
"ins352","ins352"
"ins353","ins353"
"ins354","ins354"
"ins355","ins355"
"ins356","ins356"
"ins357","ins357"
"ins359","ins359"
"adipates","adipates"
"ins363","ins363"
"ins364","ins364"
"364","364"
"succinates","succinates"
"ins365","ins365"
"ins366","ins366"
"ins367","ins367"
"ins368","ins368"
"ins370","ins370"
"ins375","ins375"
"375","375"
"niacin","niacin"
"nicotinic","nicotinic"
"nicotinamide","nicotinamide"
"b3","b3"
"retention","retention"
"ins380","ins380"
"ins381","ins381"
"ferrocitrate","ferrocitrate"
"ins384","ins384"
"ins385","ins385"
"ins386","ins386"
"ethylenediaminetetraacetate","ethylenediaminetetraacetate"
"ins387","ins387"
"ins388","ins388"
"ins389","ins389"
"ins390","ins390"
"ins391","ins391"
"ins399","ins399"
"ins400","ins400"
"ins401","ins401"
"ins402","ins402"
"ins403","ins403"
"ins404","ins404"
"ins405","ins405"
"ins406","ins406"
"ins407","ins407"
"ins407a","ins407a"
"ins409","ins409"
"ins410","ins410"
"ins412","ins412"
"ins413","ins413"
"ins414","ins414"
"ins415","ins415"
"ins416","ins416"
"ins417","ins417"
"ins418","ins418"
"ins420","ins420"
"ins421","ins421"
"ins422","ins422"
"glycerin","glycerin"
"ins425","ins425"
"glucomannate","glucomannate"
"ins428","ins428"
"428","428"
"gelatin","gelatin"
"not","not"
"classified","classified"
"an","an"
"additive","additive"
"ins430","ins430"
"ins431","ins431"
"ins432","ins432"
"ins433","ins433"
"ins434","ins434"
"ins435","ins435"
"ins436","ins436"
"ins440","ins440"
"ins441","ins441"
"superglycerinated","superglycerinated"
"hydrogenated","hydrogenated"
"rapeseed","rapeseed"
"fully","fully"
"ins442","ins442"
"phosphorylated","phosphorylated"
"glyceridess","glyceridess"
"ins443","ins443"
"ins444","ins444"
"ins445","ins445"
"ins450","ins450"
"ins451","ins451"
"ins452","ins452"
"ins459","ins459"
"ins460","ins460"
"ins461","ins461"
"ins463","ins463"
"ins464","ins464"
"ins465","ins465"
"ins466","ins466"
"ins468","ins468"
"ins469","ins469"
"enzymatically","enzymatically"
"hydrolyzed","hydrolyzed"
"ins470","ins470"
"ins470a","ins470a"
"ins470b","ins470b"
"ins471","ins471"
"ins472","ins472"
"ins472a","ins472a"
"ins472b","ins472b"
"ins472c","ins472c"
"ins472d","ins472d"
"ins472e","ins472e"
"diacetyltartaric","diacetyltartaric"
"ins472f","ins472f"
"ins473","ins473"
"ins474","ins474"
"ins475","ins475"
"ins476","ins476"
"ins477","ins477"
"ins478","ins478"
"ins479","ins479"
"ins479b","ins479b"
"ins480","ins480"
"sulfosuccinate","sulfosuccinate"
"ins481","ins481"
"ins482","ins482"
"ins483","ins483"
"tartarate","tartarate"
"ins491","ins491"
"ins492","ins492"
"ins493","ins493"
"ins494","ins494"
"ins495","ins495"
"ins500","ins500"
"e500ii","e500ii"
"ins501","ins501"
"ins503","ins503"
"ins504","ins504"
"ins507","ins507"
"ins508","ins508"
"ins509","ins509"
"ins510","ins510"
"ins511","ins511"
"ins512","ins512"
"ins513","ins513"
"sulfuric","sulfuric"
"ins514","ins514"
"sulfate","sulfate"
"ins515","ins515"
"ins516","ins516"
"flour","flour"
"treatment","treatment"
"ins517","ins517"
"ins518","ins518"
"ins519","ins519"
"cupric","cupric"
"ins520","ins520"
"ins521","ins521"
"ins522","ins522"
"ins523","ins523"
"ins524","ins524"
"ins525","ins525"
"ins526","ins526"
"ins527","ins527"
"ins528","ins528"
"ins529","ins529"
"ins530","ins530"
"ins535","ins535"
"ins536","ins536"
"ins538","ins538"
"ins540","ins540"
"ins541","ins541"
"ins542","ins542"
"ins544","ins544"
"ins545","ins545"
"ins551","ins551"
"ins552","ins552"
"ins553","ins553"
"ins553a","ins553a"
"ins553b","ins553b"
"ins554","ins554"
"ins555","ins555"
"ins556","ins556"
"ins558","ins558"
"ins559","ins559"
"ins570","ins570"
"stearic","stearic"
"ins575","ins575"
"ins576","ins576"
"ins577","ins577"
"ins578","ins578"
"ins579","ins579"
"ins585","ins585"
"ins620","ins620"
"ins621","ins621"
"ins622","ins622"
"ins623","ins623"
"ins624","ins624"
"ins625","ins625"
"ins626","ins626"
"ins627","ins627"
"ins628","ins628"
"ins629","ins629"
"ins630","ins630"
"ins631","ins631"
"ins632","ins632"
"ins633","ins633"
"ins634","ins634"
"ins635","ins635"
"ins636","ins636"
"636","636"
"maltol","maltol"
"ins637","ins637"
"637","637"
"ins640","ins640"
"ins641","ins641"
"641","641"
"leucine","leucine"
"ins650","ins650"
"ins900","ins900"
"dimethylpolysiloxane","dimethylpolysiloxane"
"ins901","ins901"
"ins902","ins902"
"ins903","ins903"
"ins904","ins904"
"ins905","ins905"
"ins907","ins907"
"refined","refined"
"ins912","ins912"
"ins914","ins914"
"ins920","ins920"
"ins924","ins924"
"ins925","ins925"
"ins926","ins926"
"ins927","ins927"
"ins927b","ins927b"
"ins928","ins928"
"ins938","ins938"
"ins939","ins939"
"ins941","ins941"
"ins942","ins942"
"ins943","ins943"
"ins943a","ins943a"
"ins943b","ins943b"
"ins950","ins950"
"artificial","artificial"
"ins951","ins951"
"ins952","ins952"
"cyclamates","cyclamates"
"ins953","ins953"
"ins954","ins954"
"ins955","ins955"
"ins956","ins956"
"ins957","ins957"
"ins959","ins959"
"neohesperidin","neohesperidin"
"ins965","ins965"
"ins966","ins966"
"ins967","ins967"
"ins999","ins999"
"ins1001","ins1001"
"ins1100","ins1100"
"amylases","amylases"
"ins1102","ins1102"
"ins1103","ins1103"
"?","?"
"ins1104","ins1104"
"ins1105","ins1105"
"ins1200","ins1200"
"ins1201","ins1201"
"poly","poly"
"pyrrolidone","pyrrolidone"
"ins1202","ins1202"
"ins1400","ins1400"
"ins1401","ins1401"
"ins1402","ins1402"
"ins1403","ins1403"
"ins1404","ins1404"
"ins1405","ins1405"
"ins1410","ins1410"
"ins1412","ins1412"
"ins1413","ins1413"
"ins1414","ins1414"
"ins1420","ins1420"
"ins1422","ins1422"
"ins1440","ins1440"
"ins1442","ins1442"
"ins1450","ins1450"
"octenylsuccinate","octenylsuccinate"
"ins1451","ins1451"
"ins1505","ins1505"
"ins1510","ins1510"
"ins1518","ins1518"
"ins1520","ins1520"
"ins1521","ins1521"
"citation","citation"
"needed","needed"
"antifoaming","antifoaming"
"dot","dot"
"point","point"
"decimal","decimal"
